harrell_c,hoslem_test
0.823760248053333,1.14753756183052e-08
