harrell_c,hoslem_test
0.810282848330869,2.34702529406764e-12
