harrell_c,hoslem_test
0.839049458309828,0.0506868784434694
