harrell_c,hoslem_test
0.839045340558614,0.0288499417140168
