harrell_c,hoslem_test
0.833822530295428,0.0335110911489374
