harrell_c,hoslem_test
0.839231080066963,0.0051181561673686
