harrell_c,hoslem_test
0.836215968987429,0.000757195520687644
