harrell_c,hoslem_test
0.832392683804102,0.140281746995419
