harrell_c,hoslem_test
0.840700891211773,0.0142561503415866
