harrell_c,hoslem_test
0.830283438203544,0.00637282349857379
