harrell_c,hoslem_test
0.811843476040865,6.60115786528754e-13
