harrell_c,hoslem_test
0.810587561920684,1.55214683188865e-15
