harrell_c,hoslem_test
0.818909537123586,3.59292601672912e-08
