harrell_c,hoslem_test
0.85939098850455,0.0170710030142948
