harrell_c,hoslem_test
0.839395379197954,0.00329249491857537
