harrell_c,hoslem_test
0.835136923343354,0.0120891360271361
