harrell_c,hoslem_test
0.841384730838059,0.00357274833171547
