harrell_c,hoslem_test
0.841149383434207,0.0120044431787768
