harrell_c,hoslem_test
0.841158264468315,0.00576945078988627
