harrell_c,hoslem_test
0.842228429078282,0.0085722552934531
