harrell_c,hoslem_test
0.839408700749115,0.0047097897658522
