harrell_c,hoslem_test
0.84030124467693,0.00106813933478908
