harrell_c,hoslem_test
0.841557911003157,0.00885442918988052
