harrell_c,hoslem_test
0.842827898880546,0.0045064308913858
