harrell_c,hoslem_test
0.831366924364673,0.0674070423978927
