harrell_c,hoslem_test
0.841091656712508,0.00833815464915099
