harrell_c,hoslem_test
0.831855381240592,0.214605378709973
