harrell_c,hoslem_test
0.844275507440086,0.00188450975280727
