harrell_c,hoslem_test
0.841202669638853,0.00371003040143361
