harrell_c,hoslem_test
0.840874071376871,0.0317071131812471
