harrell_c,hoslem_test
0.837579207722947,0.00105409901690096
