harrell_c,hoslem_test
0.831797654518892,3.26397404913802e-05
