harrell_c,hoslem_test
0.835989502617685,0.00476243454833718
