harrell_c,hoslem_test
0.839834990386281,0.00468063570376227
