harrell_c,hoslem_test
0.841233753258229,0.0191820462058244
