harrell_c,hoslem_test
0.842397168726327,0.000202219675252995
