harrell_c,hoslem_test
0.840536592080782,0.000768108624659673
