harrell_c,hoslem_test
0.841251515326445,0.0117356188946451
