harrell_c,hoslem_test
0.840647605007127,0.00304858696420032
