harrell_c,hoslem_test
0.830167984760145,2.59817995782143e-08
