harrell_c,hoslem_test
0.839022375765434,0.00641605266543406
