harrell_c,hoslem_test
0.839914919693249,0.00506045074432135
