harrell_c,hoslem_test
0.812872913844291,7.01264152632662e-55
