harrell_c,hoslem_test
0.837945900984554,0.0538302826235064
