harrell_c,hoslem_test
0.839387113909352,0.0608698054174899
