harrell_c,hoslem_test
0.837604127633817,0.00119435144315888
