harrell_c,hoslem_test
0.837439417585268,0.0184421395100629
