harrell_c,hoslem_test
0.833609385476845,2.21871370920337e-90
