harrell_c,hoslem_test
0.834273242776389,0.000102833260567125
