harrell_c,hoslem_test
0.840629842938912,0.0101906654614913
