"","harrell_c","Hosmer_lemeshow"
"weighed",0.84336964196111,0.468312120599981
"means",0.842925590255729,0.0304884686012346
