"","harrell_c","Hosmer_lemeshow"
"weighed",0.84336964196111,0.169678115147851
"means",0.842925590255729,0.0163996003867696
