"","harrell_c","Hosmer_lemeshow"
"weighed",0.83961296453359,0.121700464683718
"means",0.846478003898774,0.0147659833641263
