"","harrell_c","Hosmer_lemeshow"
"weighed",0.83961296453359,0.0889358598130281
"means",0.846478003898774,0.0929219584258456
