harrell_c,hoslem_test
0.836445653730488,1.42234812339272e-16
