harrell_c,hoslem_test
0.833177545079081,1.00983040438179e-14
